{
  "environment": {
    "torch": "2.11.0+rocm7.2",
    "hip": "7.2.26015",
    "hardware": "AMD Instinct MI300X VF",
    "execution_backend": "Mojo/MAX (Device(type=gpu,id=0))",
    "torch_device": "mojo",
    "transformers": "5.4.0"
  },
  "workload": {
    "model": "gpt2",
    "batch_size": 512,
    "prompt_len": 8,
    "new_tokens": 200,
    "cached_decode_steps": 199,
    "dtype": "bf16",
    "sampling": "greedy",
    "prompt": "Here is how quantum computing works: "
  },
  "unprofiled": {
    "wall_seconds": 1.773536812979728,
    "generated_tokens": 102400,
    "tokens_per_second": 57737.735834170395
  },
  "profile": {
    "prefill_self_gpu_us": 17552.574,
    "decode_self_gpu_us": 1502680.9660000463,
    "decode_ms_per_cached_step": 7.551160633166062,
    "combined_ms_per_generated_token": 7.601167700000231,
    "prefill_gpu_trace": {
      "gpu_activity_count": 365,
      "span_us": 19073.393,
      "busy_us": 17552.574,
      "idle_us": 1520.8189999999995,
      "idle_pct": 7.973510533757678,
      "gap_count": 364,
      "gaps_over_50us": 11,
      "max_gap_us": 140.51999999999998
    },
    "decode_gpu_trace": {
      "gpu_activity_count": 60335,
      "span_us": 2073908.832,
      "busy_us": 1502677.9540000467,
      "idle_us": 571230.8779999532,
      "idle_pct": 27.543683173820114,
      "gap_count": 60326,
      "gaps_over_50us": 2951,
      "max_gap_us": 601.6899999999441
    }
  }
}